,big5_01,big5_02,big5_03,big5_04,big5_05,big5_06,big5_07,big5_08,big5_09,big5_10,gender,year,ethnicity,intrinsic_01,intrinsic_02,intrinsic_03,intrinsic_04,intrinsic_05,intrinsic_06,intrinsic_07,intrinsic_08,intrinsic_09,intrinsic_10,intrinsic_11,intrinsic_12,intrinsic_13,intrinsic_14,intrinsic_15,mood_01,mood_02,nfc_01,nfc_02,nfc_03,nfc_04,nfc_05,nfc_06,pate_01,pate_02,pate_03,pate_04,pate_05,selfesteem_01,stress_01,stress_02,stress_03,stress_04,Bias
class 1,0.004085836,-0.18785596,0.0759029,0.17390901,-0.25401774,0.075858414,0.14368846,-0.041696962,-0.07820435,-0.20306124,0.06357058,-0.07883244,-0.11472356,0.13686776,-0.14362934,0.11177288,-0.01162271,-0.15556163,0.11980535,-0.14522012,0.09053673,-0.1465802,-0.25868908,-0.10571184,-0.03157227,-0.062460463,0.027081773,-0.14050053,0.10156608,-0.080325484,-0.08483548,0.0008750298,0.084696,0.15486667,0.14765619,-0.044837486,0.013585539,0.0027515134,-0.14315057,0.03061606,-0.06790306,0.16720687,0.17250697,0.01803384,-0.22469701,0.102926314,-0.042460583
class 2,0.035859317,0.012575118,-0.02977746,-0.05291279,0.19235967,-0.107296996,-0.08208165,-0.015184695,0.22105415,-0.04556814,-0.071502365,0.14516765,-0.11254722,-0.042417467,0.09213004,-0.17078818,-0.07451448,0.1016227,0.010764039,0.13987169,0.006070027,-0.016697757,0.23065093,0.13590285,0.011480802,-0.15810275,-0.07373994,-0.06626736,-0.04622521,-0.10185031,-0.07421718,0.12541266,0.11089803,-0.2682692,-0.10390541,-0.09476956,-0.036178872,-0.12168408,-0.071520686,0.055116896,0.00828418,-0.14865415,-0.13495566,-0.1521506,0.06592909,0.04279581,0.022251079
Average,0.019972576,-0.08764042,0.02306272,0.06049811,-0.030829035,-0.01571929,0.030803401,-0.02844083,0.0714249,-0.12431469,-0.003965892,0.033167604,-0.11363539,0.047225147,-0.02574965,-0.029507652,-0.043068595,-0.026969463,0.06528469,-0.0026742145,0.048303377,-0.08163898,-0.014019072,0.015095506,-0.010045735,-0.11028161,-0.023329083,-0.10338394,0.027670434,-0.09108789,-0.07952633,0.06314384,0.09779702,-0.056701273,0.021875389,-0.06980352,-0.011296667,-0.059466284,-0.10733563,0.042866476,-0.029809438,0.00927636,0.018775657,-0.067058384,-0.079383954,0.07286106,-0.010104752
