,big5_01,big5_02,big5_03,big5_04,big5_05,big5_06,big5_07,big5_08,big5_09,big5_10,gender,year,ethnicity,intrinsic_01,intrinsic_02,intrinsic_03,intrinsic_04,intrinsic_05,intrinsic_06,intrinsic_07,intrinsic_08,intrinsic_09,intrinsic_10,intrinsic_11,intrinsic_12,intrinsic_13,intrinsic_14,intrinsic_15,mood_01,mood_02,nfc_01,nfc_02,nfc_03,nfc_04,nfc_05,nfc_06,pate_01,pate_02,pate_03,pate_04,pate_05,selfesteem_01,stress_01,stress_02,stress_03,stress_04,Bias
class 1,0.049703855,-0.13751367,-0.12358201,-0.12075831,0.10887337,-0.0948056,-0.1415312,-0.0027103205,-0.050580677,0.13123067,0.17923716,-0.012441456,-0.041216638,0.10236381,-0.10175186,0.11642986,0.062220696,-0.008193552,0.12171196,0.01405644,-0.10987709,0.017675309,0.13559137,-0.06640051,-0.055318646,0.021857517,0.08936709,-0.069612846,-0.05556753,0.008136905,-0.070906416,-0.10496211,-0.012157336,-0.02895998,-0.022436548,0.14125559,0.07037104,-0.08671089,0.0661095,0.002863902,0.0004062974,0.006613157,0.036858167,-0.1061413,0.025743706,0.09274877,-0.032564603
class 2,-0.032117456,-0.06684295,-0.053391032,-0.08843294,0.15107115,-0.11969779,-0.04425425,0.0224859,0.083897986,0.055005807,0.084005766,0.01780623,-0.119750954,-0.055169437,-0.010816868,-0.1540829,0.06786149,0.11383115,-0.030900441,0.02679547,0.0930771,-0.11316242,0.121485285,0.1261529,0.07348653,0.14743426,0.02477249,0.043349247,0.032572668,0.111548685,-0.15335335,-0.095563225,-0.07340064,-0.09182344,0.13306943,-0.0011192892,0.017073935,0.12018223,-0.09981437,0.043068226,0.054855946,-0.0054996978,0.028763708,-0.1227452,0.020965032,0.050262626,0.10286904
Average,0.008793199,-0.102178305,-0.08848652,-0.104595624,0.12997225,-0.10725169,-0.09289272,0.00988779,0.016658654,0.093118235,0.13162147,0.002682387,-0.080483794,0.023597186,-0.05628436,-0.018826518,0.065041095,0.052818798,0.04540576,0.020425955,-0.008399993,-0.047743555,0.12853833,0.029876195,0.009083942,0.08464589,0.05706979,-0.013131799,-0.0114974305,0.059842795,-0.11212988,-0.10026267,-0.042778987,-0.06039171,0.05531644,0.07006815,0.043722488,0.01673567,-0.016852435,0.022966065,0.027631123,0.00055672973,0.032810938,-0.11444325,0.02335437,0.071505696,0.03515222
