,big5_01,big5_02,big5_03,big5_04,big5_05,big5_06,big5_07,big5_08,big5_09,big5_10,gender,year,ethnicity,intrinsic_01,intrinsic_02,intrinsic_03,intrinsic_04,intrinsic_05,intrinsic_06,intrinsic_07,intrinsic_08,intrinsic_09,intrinsic_10,intrinsic_11,intrinsic_12,intrinsic_13,intrinsic_14,intrinsic_15,mood_01,mood_02,nfc_01,nfc_02,nfc_03,nfc_04,nfc_05,nfc_06,pate_01,pate_02,pate_03,pate_04,pate_05,selfesteem_01,stress_01,stress_02,stress_03,stress_04,Bias
class 1,0.025615092,-0.069819756,-0.018186828,0.11445456,-0.0012829411,0.17062834,-0.027685057,0.08143767,0.00019766891,-0.10665746,-0.009114243,0.12267445,-0.09587375,-0.09348495,0.102493376,-0.07352496,0.069944076,-0.05809443,-0.09197958,-0.06342013,0.12728173,0.10320608,0.02764657,-0.0104175545,0.08733399,-0.022847928,-0.12691301,0.0912826,-0.052456103,0.17078152,0.0011827712,-0.030493814,-0.058549013,0.1118643,0.07084199,-0.0770381,0.052392624,0.05575532,-0.009952984,0.06719469,-0.04900318,0.02490591,0.16342002,-0.06635935,-0.05682929,-0.12159939,0.09361803
class 2,-0.10369012,0.039883304,-0.009593836,-0.08448517,-0.06901481,-0.04925973,0.011008023,-0.017503345,-0.11562119,0.03643534,-0.121050954,0.032011505,-0.087867685,-0.11598266,0.10573198,0.1361435,0.06302758,0.08021417,-0.0689843,-0.021754047,-0.0017220709,0.018629236,0.1323376,0.022678738,0.085360065,0.0426386,-0.11201231,0.1028279,-0.030314011,-0.012967414,0.006408569,-0.10333306,-0.015105315,-0.036107842,0.12006421,0.035029266,-0.0003359565,-0.061339434,0.05389521,-0.03288645,0.10772991,-0.09445855,-0.13794495,0.11364949,-0.0069337627,-0.06590299,0.09772449
Average,-0.03903751,-0.014968226,-0.013890332,0.014984693,-0.035148874,0.060684305,-0.008338517,0.031967163,-0.057711758,-0.035111062,-0.065082595,0.07734298,-0.09187072,-0.10473381,0.10411268,0.031309273,0.06648583,0.011059871,-0.08048194,-0.04258709,0.06277983,0.06091766,0.079992086,0.006130592,0.08634703,0.009895336,-0.11946266,0.09705525,-0.04138506,0.07890706,0.00379567,-0.06691344,-0.036827162,0.03787823,0.0954531,-0.021004418,0.026028333,-0.0027920566,0.021971112,0.017154122,0.029363366,-0.03477632,0.012737535,0.02364507,-0.031881526,-0.09375119,0.09567126
