,kposition,lposition,nposition,rposition,vposition,bestgrade3,bestgrade4,bestgrade5,elm_01,elm_02,elm_03,elm_04,elm_05,sarcasm,mcfiller1,mcfiller2,mcfiller3,mcmost1,mcmost2,mcmost3,mcmost4,mcmost5,mcsome1,mcsome2,mcsome3,mcsome4,mcsome5,tempest2,tempest3,tempfollowup1,tempfollowup2,tempfollowup3,worstgrade3,worstgrade4,worstgrade5
accuracy,0.5185185185185185,0.5109489051094891,0.5328467153284672,0.5109489051094891,0.5036496350364964,0.2058823529411765,0.3088235294117647,0.6176470588235294,0.17266187050359713,0.1510791366906475,0.12949640287769784,0.15827338129496402,0.17985611510791366,0.28776978417266186,0.3525179856115108,0.6857142857142857,0.7518248175182481,0.8028169014084507,0.7746478873239436,0.8873239436619719,0.6338028169014085,0.9859154929577464,0.5147058823529411,0.7058823529411765,0.6029411764705882,0.4264705882352941,0.4264705882352941,0.3237410071942446,0.3237410071942446,0.5395683453237411,0.4388489208633093,0.31654676258992803,0.22535211267605634,0.3661971830985916,0.11267605633802817
num of classes,2.0,2.0,2.0,2.0,2.0,10.0,7.0,10.0,9.0,9.0,9.0,9.0,9.0,6.0,4.0,5.0,4.0,2.0,2.0,2.0,2.0,2.0,2.0,2.0,2.0,2.0,2.0,7.0,4.0,7.0,7.0,7.0,10.0,7.0,10.0
